timestamp,task,status,execution_time
2024-12-22 04:53:27.665062,Extract,Failed,0
2024-12-22 21:30:29.494602,Extract,Failed,0
2024-12-22 21:31:54.853927,Extract,Failed,0
2024-12-22 21:36:39.427772,Extract,Failed,0
2024-12-22 21:49:04.307083,Extract,Failed,0
2024-12-22 21:54:54.959389,Extract,Failed,0
2024-12-22 22:27:26.307435,Extract,Failed,0
2024-12-22 22:28:54.471917,Extract,Failed,0
2024-12-22 22:29:25.660373,Extract,Failed,0
2024-12-22 23:32:32.309857,Extract,Failed,0
2024-12-22 23:55:26.294160,Extract,Failed,0
2024-12-22 23:57:46.683690,Extract,Failed,0
2024-12-23 00:11:35.479180,Extract,Failed,0
2024-12-23 00:16:54.494705,Extract,Failed,0
2024-12-23 00:19:54.754537,Extract,Failed,0
2024-12-23 01:44:22.875225,Extract,Failed,0
2024-12-23 01:45:09.782990,Extract,Failed,0
2024-12-23 01:45:46.318947,Extract,Failed,0
2024-12-23 02:59:27.988936,Extract,Failed,0
